{"accuracy": [0.7004830837249756, 0.8647342920303345, 0.8937197923660278, 0.9710144996643066, 0.9806763529777527, 0.990338146686554, 1.0, 1.0, 1.0, 1.0], "loss": [0.8655855655670166, 0.3916434645652771, 0.4054509699344635, 0.10593355447053909, 0.05958221107721329, 0.01687176525592804, 0.006501912605017424, 0.005934729706496, 0.0018676308682188392, 0.0037782504223287106], "val_accuracy": [0.7115384340286255, 0.9807692170143127, 0.9615384340286255, 1.0, 0.942307710647583, 1.0, 1.0, 1.0, 1.0, 1.0], "val_loss": [0.5985672473907471, 0.06256259232759476, 0.050645653158426285, 0.004590900149196386, 0.06519008427858353, 0.004890988580882549, 0.0014692321419715881, 0.0017408665735274553, 0.0008762674988247454, 0.0002770968130789697]}