{"accuracy": [0.48792269825935364, 0.7681159377098083, 0.782608687877655, 0.8502415418624878, 0.6714975833892822, 0.8888888955116272, 0.9227052927017212, 0.8840579986572266, 0.8695651888847351, 0.9033816456794739, 0.95652174949646, 0.9951691031455994, 0.9855072498321533, 0.9758453965187073, 0.9710144996643066, 0.9951691031455994, 1.0, 1.0, 1.0, 1.0, 0.990338146686554, 0.9951691031455994, 0.9951691031455994, 0.9951691031455994, 1.0, 1.0, 1.0, 1.0, 1.0, 0.9951691031455994, 1.0, 1.0, 1.0, 1.0, 1.0, 1.0, 1.0, 1.0, 1.0, 1.0, 1.0, 1.0, 1.0, 1.0, 1.0, 1.0, 1.0, 1.0, 1.0, 1.0], "loss": [1.1136701107025146, 2.0133776664733887, 0.9398601651191711, 0.30569979548454285, 0.8157663345336914, 0.27649107575416565, 0.14910341799259186, 0.26044708490371704, 0.25896796584129333, 0.22230911254882812, 0.11165327578783035, 0.05026089772582054, 0.052671708166599274, 0.08724332600831985, 0.07194247096776962, 0.034418415278196335, 0.022010473534464836, 0.012704934924840927, 0.01930483616888523, 0.011837412603199482, 0.03223185986280441, 0.021139031276106834, 0.012638416141271591, 0.010773837566375732, 0.002177637768909335, 0.0015931216767057776, 0.0024446563329547644, 0.0020852272864431143, 0.002430394757539034, 0.008096044883131981, 0.002668779343366623, 0.0028307593893259764, 0.0036554750986397266, 0.0019838546868413687, 0.0012309534940868616, 0.0010929617565125227, 0.0008666180656291544, 0.00116995838470757, 0.0007025761296972632, 0.0006775785004720092, 0.0014413371682167053, 0.0017397032352164388, 0.0008685329812578857, 0.00021350040333345532, 0.00041335439891554415, 0.002204286400228739, 0.00034968857653439045, 0.0001813157432479784, 0.00033194085699506104, 0.00039327872218564153], "val_accuracy": [0.7115384340286255, 0.7115384340286255, 0.942307710647583, 0.7692307829856873, 0.942307710647583, 0.9615384340286255, 0.75, 0.75, 0.8653846383094788, 0.9807692170143127, 1.0, 1.0, 1.0, 1.0, 1.0, 1.0, 1.0, 1.0, 1.0, 1.0, 1.0, 1.0, 1.0, 1.0, 1.0, 1.0, 1.0, 1.0, 1.0, 1.0, 1.0, 1.0, 1.0, 1.0, 1.0, 1.0, 1.0, 1.0, 1.0, 1.0, 1.0, 1.0, 1.0, 1.0, 1.0, 1.0, 1.0, 1.0, 1.0, 1.0], "val_loss": [2.4084157943725586, 1.2364611625671387, 0.17133130133152008, 0.4812464714050293, 0.14486554265022278, 0.13691861927509308, 0.3111182749271393, 0.34123495221138, 0.2108331024646759, 0.0788651779294014, 0.029495060443878174, 0.021396730095148087, 0.02447718009352684, 0.019503185525536537, 0.011512713506817818, 0.007607658859342337, 0.00846818182617426, 0.012773197144269943, 0.017558962106704712, 0.020855417475104332, 0.017244238406419754, 0.010391274467110634, 0.00569569505751133, 0.003094272455200553, 0.0018302109092473984, 0.0011911061592400074, 0.0008800085633993149, 0.0007208024035207927, 0.000636282900813967, 0.000574669276829809, 0.0005206741043366492, 0.00047176048974506557, 0.0004292673838790506, 0.0004019020707346499, 0.0003881526063196361, 0.00038673001108691096, 0.00039680334157310426, 0.0004190453910268843, 0.0004502238007262349, 0.0004898156621493399, 0.0005432885955087841, 0.0006290777819231153, 0.0007286308100447059, 0.0008355617173947394, 0.0009371589403599501, 0.0010734394891187549, 0.001216428354382515, 0.001364227500744164, 0.001505814609117806, 0.0016310247592628002]}