{"accuracy": [0.5573122501373291, 0.790513813495636, 0.8893280625343323, 0.9328063130378723, 0.9407114386558533, 0.9723320007324219, 0.9723320007324219, 0.9644268751144409, 0.9881423115730286, 0.9723320007324219], "loss": [1.2528194189071655, 0.5628503561019897, 0.301345556974411, 0.1719282567501068, 0.13716141879558563, 0.13117791712284088, 0.07686667144298553, 0.09939824789762497, 0.05495622754096985, 0.06212926283478737], "val_accuracy": [0.765625, 0.859375, 0.90625, 0.921875, 0.96875, 0.984375, 0.984375, 0.984375, 0.984375, 1.0], "val_loss": [0.6164233684539795, 0.3997882008552551, 0.19722045958042145, 0.1887989491224289, 0.11628420650959015, 0.06537403911352158, 0.039840348064899445, 0.044074032455682755, 0.03606157749891281, 0.012490044347941875]}