{"accuracy": [0.6666666865348816, 0.8309178948402405, 0.8888888955116272, 0.966183602809906, 0.9806763529777527, 0.9806763529777527, 0.9806763529777527, 1.0, 0.9951691031455994, 0.990338146686554], "loss": [1.4538068771362305, 0.5283647179603577, 0.29821065068244934, 0.08270147442817688, 0.04004042595624924, 0.05413808301091194, 0.031192908063530922, 0.001982497051358223, 0.019187839701771736, 0.032339416444301605], "val_accuracy": [0.7307692170143127, 0.807692289352417, 1.0, 1.0, 1.0, 0.9807692170143127, 1.0, 1.0, 0.9807692170143127, 1.0], "val_loss": [0.5416609644889832, 0.28741487860679626, 0.02029842510819435, 0.01869642361998558, 0.007601566147059202, 0.024953696876764297, 0.002282447647303343, 0.003140134969726205, 0.030969491228461266, 0.004637531470507383]}